id;guid;ehd_order_guid;ehd_empi;clareto_search_guid;clareto_person_guid;clareto_provider_guid;status;clareto_provider_id;organization_id;organization_name;special_auth_doc_store_guid;retry_count;created_at;last_modified_at
1;Computer;interface Fantastic Bedfordshire;mobile;compressing overriding;Shoes Investment Account Buckinghamshire;transmit modular;NODATA;82289;Response Borders Savings Account;firmware;Democratic People's Republic of Korea;29888;2021-01-31T22:10:12;2021-02-01T17:57:21
2;Consultant interface;Health Idaho;multi-tasking;Road magenta;sky blue Table Agent;Jamaican Dollar withdrawal;SPECAUTH;72102;Rubber Communications;Liaison Bermudian Dollar (customarily known as Bermuda Dollar) contingency;zero administration;47893;2021-01-31T19:59:15;2021-01-31T22:54:49
3;Iraq Gloves;Ball European Unit of Account 17(E.U.A.-17);sexy;Rhode Island;Intelligent Avon impactful;Money Market Account Bedfordshire South Georgia and the South Sandwich Islands;RETRY_PERSON;27649;Home Loan Account Texas forecast;feed 1080p Latvia;systems;26523;2021-02-01T03:06:23;2021-02-01T18:48:01
4;Awesome Keyboard deposit;GB Yuan Renminbi Intelligent Frozen Fish;array vortals;Central Research Borders;Chief magenta Money Market Account;Cotton;NODATA;15099;bluetooth Soap Germany;Wall;back up recontextualize;23515;2021-02-01T16:28:05;2021-02-01T05:25:15
5;Cambridgeshire Arkansas Florida;alarm;Optimized virtual transmit;United Kingdom Sri Lanka Rupee;Planner architectures Lesotho;Steel Consultant deposit;RETRY_DOCUMENT;26726;Assistant quantifying;Tennessee;monetize;5050;2021-02-01T02:41:17;2021-02-01T00:21:01
6;Toys Hawaii;Unbranded Brand;quantify;Home maximize;contextually-based benchmark Managed;Unbranded Handmade;PENDING;2469;Computers Group Pre-emptive;parsing;interactive Saint Pierre and Miquelon Savings Account;54787;2021-01-31T23:48:09;2021-01-31T23:02:41
7;Plastic;Communications 1080p JBOD;functionalities;Home Loan Account transparent invoice;Illinois Bacon functionalities;Iowa;NODATA;52495;impactful;Implementation Cambridgeshire;Handcrafted CSS;69549;2021-02-01T19:23:02;2021-02-01T04:03:50
8;Data;salmon Up-sized Credit Card Account;Senior;cross-platform Incredible;Auto Loan Account;Personal Loan Account proactive Checking Account;PENDING;58256;Views;synthesizing plum pixel;transition Handmade website;8041;2021-02-01T12:41:42;2021-02-01T16:55:26
9;bypassing Texas;white eco-centric hard drive;input Colorado;matrix Belgium;Bedfordshire array;Awesome;NEW;30728;schemas wireless;blue Credit Card Account;back-end Forint Senior;23565;2021-02-01T19:01:39;2021-02-01T07:37:09
10;violet;project even-keeled;local Associate;Awesome application green;Buckinghamshire Pizza Frozen;AI;RETRY_UPDATESTATUS;58084;sensor transparent wireless;Berkshire Highway;Shoes;68991;2021-02-01T09:05:52;2021-01-31T22:25:58
