id;guid;ehd_order_guid;ehd_empi;clareto_search_guid;clareto_person_guid;clareto_provider_guid;clareto_document_search_guid;status;clareto_organization_id;document_id;document_name;document_type;document_description;document_status;ccda_doc_store_guid;ecm_pdf_guid;retry_count;created_at;last_modified_at
1;plum;black Future;methodical;Algeria;Electronics turquoise;Awesome Fresh Pizza Practical Route;Baby;SPECAUTH;98510;mobile;Health pixel;index B2C;extend;structure;interfaces Unbranded Metal Ball initiative;context-sensitive Producer content;18977;2021-02-01T02:32:39;2021-01-31T22:12:25
2;sky blue;payment;architectures;Investment Account Usability;Corporate;Plains payment Steel;algorithm;COMPLETE;88447;Fork Car hard drive;Minnesota Assurance Human;ADP Gloves HDD;User-centric AGP;innovate;Sports black Beauty;Ergonomic Congolese Franc firmware;24360;2021-01-31T20:54:02;2021-02-01T13:21:39
3;Divide Metal California;Minnesota;focus group Forward knowledge base;Cocos (Keeling) Islands Bedfordshire payment;Bike Legacy;Officer orchestrate;Checking Account Central Wooden;PENDING;99953;Markets;Checking Account sensor Practical Steel Mouse;Papua New Guinea;Persistent;Marketing copying Soft;Savings Account Tools Plain;yellow Light Bedfordshire;14528;2021-02-01T14:40:19;2021-01-31T22:45:36
4;hack;deposit impactful;quantifying;Alaska Unbranded Fresh Tuna protocol;Handcrafted Steel Chair Savings Account applications;wireless holistic payment;Hawaii Keyboard;COMPLETE;5083;multi-byte microchip;application Directives;Product Forks;azure;multi-byte bandwidth-monitored;payment Antigua and Barbuda Generic;Sleek Steel Gloves;46800;2021-02-01T10:49:26;2021-02-01T04:35:32
5;Antarctica (the territory South of 60 deg S) Awesome Metal Chips;efficient Berkshire;Loop;Auto Loan Account;Plastic withdrawal;Money Market Account payment Colorado;Director Human Games;RETRY_PERSON;40773;Serbian Dinar Garden;Forks Security;firewall;Central;National PCI Senior;PCI Customer scale;Infrastructure;26381;2021-02-01T07:57:16;2021-02-01T01:59:01
6;even-keeled;channels hacking hierarchy;project Division mobile;Albania Mouse transmitting;Tactics International withdrawal;leverage Incredible Frozen Chair;Rubber;ERROR;34286;invoice;Soft Germany;Islands hard drive;copy calculating;Kentucky Cambridgeshire vortals;Incredible Fresh Table;Hawaii transitional Personal Loan Account;21010;2021-01-31T23:57:21;2021-02-01T09:33:03
7;index;Corporate panel;Bedfordshire Tools collaboration;Concrete Maldives;withdrawal Home Loan Account Infrastructure;iterate;auxiliary;RETRY_DOCUMENT;46140;bypass Fresh Generic;Fish;Home Loan Account;index;Wells Russian Ruble;International National Kwanza;Rustic Steel Pizza syndicate;95586;2021-01-31T21:00:33;2021-02-01T08:26:02
8;Savings Account Grocery fuchsia;Electronics mint green;Gibraltar Pound Eritrea;time-frame;Garden Tasty Metal Computer;capacitor Syrian Arab Republic;Ergonomic Metal Bike;SPECAUTH;12372;protocol system engine;ivory platforms;Incredible Identity Intelligent Cotton Shirt;Markets;Iowa Investment Account;Avon;Seamless Euro;81525;2021-02-01T11:52:15;2021-02-01T00:35:23
9;Throughway Savings Account Idaho;next-generation;attitude-oriented;systemic Enterprise-wide;Accounts optimal;South Africa e-enable Tools;Architect cutting-edge;RETRY_DOCUMENT;21976;Integration Garden;pink;Cambridgeshire actuating;array;Gorgeous override;Human Division;European Unit of Account 17(E.U.A.-17) bandwidth Small Cotton Bacon;66054;2021-02-01T06:51:29;2021-02-01T11:47:28
10;Generic Reduced;Concrete Industrial;Saint Pierre and Miquelon;International Congolese Franc optical;redundant back up input;Paradigm Codes specifically reserved for testing purposes;array;DUPLICATE;92361;Analyst array Nevada;Frozen programming;Refined Rubber Tuna magenta Greece;strategic solution-oriented feed;Table Pakistan Unbranded;index Home Loan Account;Berkshire Russian Federation New York;26868;2021-01-31T22:06:14;2021-02-01T16:55:47
