id;guid;ehd_order_guid;ehd_empi;clareto_search_guid;clareto_person_guid;status;clareto_person_id;provider_id;provider_name;provider_status_code;provider_status_text;provider_status_description;created_at;last_modified_at
1;programming;productize monitor Lek;payment;Practical Rubber Hat multi-byte Specialist;Personal Loan Account;SPECAUTH;55061;Representative sexy Pants;Administrator;parsing International;Well bypass Operations;matrix;2021-01-31T21:36:39;2021-02-01T14:57:49
2;Bacon orchestration;plum Automotive;infomediaries Wooden;Electronics;Polarised Borders Corporate;RECEIVED;89412;Health front-end Beauty;port connecting benchmark;synthesizing generating;copying Forward tertiary;Ouguiya;2021-01-31T19:55:24;2021-01-31T21:43:49
3;cutting-edge;Developer heuristic;back up human-resource;e-commerce Indiana;Checking Account leverage;RETRY_DOCUMENT;61675;SMTP Central deposit;Texas;Credit Card Account;SAS Money Market Account;feed;2021-02-01T07:51:13;2021-02-01T17:19:58
4;Cambridgeshire standardization primary;tan Concrete;Bacon navigate;Saint Martin deposit;Guinea;RETRY_PERSON;50375;Sharable;24/7 monitor;cross-platform product compressing;Savings Account application;black Kansas;2021-02-01T16:26:16;2021-01-31T21:46:55
5;Trafficway;online solution-oriented Comoro Franc;Isle Savings Account;Bedfordshire Steel;Checking Account Personal Loan Account;NODATA;57356;Toys invoice;Industrial firewall Antarctica (the territory South of 60 deg S);Auto Loan Account Quality;plum PNG Incredible Frozen Ball;navigating proactive;2021-02-01T14:33:45;2021-02-01T10:45:19
6;Borders Home Loan Account eyeballs;Cambridgeshire Agent parse;Cyprus Web;Bond Markets Units European Composite Unit (EURCO);Strategist;REQUESTED;94547;convergence;Buckinghamshire teal repurpose;Toys;experiences;Marketing Implementation;2021-02-01T12:14:14;2021-01-31T20:46:54
7;Plastic executive;Ergonomic alarm;feed invoice;Metal deposit;Thailand;RECEIVED;50933;sensor violet Chicken;Optimization Borders;Iran protocol;Meadow;RAM Legacy convergence;2021-02-01T17:52:28;2021-02-01T03:17:39
8;wireless Kids;Concrete Uzbekistan Sum solid state;Regional;Supervisor;Avon Florida;COMPLETE;59309;feed bypassing Clothing;Mandatory SSL;programming Assimilated Nebraska;United Arab Emirates copy;Operations Refined Wooden Bacon Granite;2021-02-01T05:48:16;2021-02-01T02:22:15
9;Arizona copy;Keyboard;payment International;Awesome Frozen Pizza;Technician;READY;12596;Electronics Auto Loan Account;Synergized communities;virtual Corporate;calculate applications;Jewelery Concrete matrix;2021-02-01T03:59:58;2021-02-01T15:17:06
10;Sports Algerian Dinar Gloves;New Mexico Berkshire;Borders Administrator;Cambridgeshire;Pennsylvania navigating copying;SPECAUTH;76739;Tactics;navigating;Tuvalu;Borders;Handcrafted Granite Chair Unbranded;2021-02-01T09:19:16;2021-02-01T01:07:58
